﻿{"cameraMode":{"drawMode":0,"name":"Shaded","section":"Shading Mode"},"sceneLighting":false,"audioPlay":false,"sceneViewState":{"m_AlwaysRefresh":false,"showFog":true,"showSkybox":false,"showFlares":true,"showImageEffects":true,"showParticleSystems":true,"showVisualEffectGraphs":true,"m_FxEnabled":true},"in2DMode":false,"pivot":{"x":-405.86376953125,"y":104.01670837402344,"z":455.9668273925781},"rotation":{"x":0.21112027764320374,"y":0.7120755910873413,"z":-0.2405814379453659,"w":0.6249215006828308},"size":1.5364291667938233,"orthographic":false}