﻿{"cameraMode":{"drawMode":0,"name":"Shaded","section":"Shading Mode"},"sceneLighting":true,"audioPlay":false,"sceneViewState":{"m_AlwaysRefresh":false,"showFog":true,"showSkybox":true,"showFlares":true,"showImageEffects":true,"showParticleSystems":true,"showVisualEffectGraphs":true,"m_FxEnabled":true},"in2DMode":false,"pivot":{"x":-998.0,"y":677.0,"z":-310.0},"rotation":{"x":0.05533231049776077,"y":0.45156925916671755,"z":-0.02808542735874653,"w":0.8901507258415222},"size":163.8236083984375,"orthographic":true}