﻿{"cameraMode":{"drawMode":0,"name":"Shaded","section":"Shading Mode"},"sceneLighting":false,"audioPlay":false,"sceneViewState":{"m_AlwaysRefresh":false,"showFog":true,"showSkybox":false,"showFlares":true,"showImageEffects":true,"showParticleSystems":true,"showVisualEffectGraphs":true,"m_FxEnabled":true},"in2DMode":false,"pivot":{"x":-729.8441162109375,"y":71.885986328125,"z":1235.490966796875},"rotation":{"x":-0.2158750593662262,"y":-0.31082576513290408,"z":0.07271530479192734,"w":-0.9227708578109741},"size":127.09199523925781,"orthographic":false}