﻿{"cameraMode":{"drawMode":0,"name":"Shaded","section":"Shading Mode"},"sceneLighting":false,"audioPlay":false,"sceneViewState":{"m_AlwaysRefresh":false,"showFog":true,"showSkybox":false,"showFlares":true,"showImageEffects":true,"showParticleSystems":true,"showVisualEffectGraphs":true,"m_FxEnabled":true},"in2DMode":false,"pivot":{"x":-909.5670776367188,"y":49.377899169921878,"z":995.1693115234375},"rotation":{"x":-0.21576574444770814,"y":-0.3122095763683319,"z":0.07303903251886368,"w":-0.9223035573959351},"size":43.027244567871097,"orthographic":true}