﻿{"cameraMode":{"drawMode":0,"name":"Shaded","section":"Shading Mode"},"sceneLighting":true,"audioPlay":false,"sceneViewState":{"m_AlwaysRefresh":false,"showFog":true,"showSkybox":true,"showFlares":true,"showImageEffects":true,"showParticleSystems":true,"showVisualEffectGraphs":true,"m_FxEnabled":true},"in2DMode":false,"pivot":{"x":-924.9260864257813,"y":522.491943359375,"z":115.26828002929688},"rotation":{"x":0.08490323275327683,"y":0.5701964497566223,"z":-0.059409014880657199,"w":0.8149654865264893},"size":387.8221740722656,"orthographic":false}