﻿{"cameraMode":{"drawMode":0,"name":"Shaded","section":"Shading Mode"},"sceneLighting":false,"audioPlay":false,"sceneViewState":{"m_AlwaysRefresh":false,"showFog":true,"showSkybox":false,"showFlares":true,"showImageEffects":true,"showParticleSystems":true,"showVisualEffectGraphs":true,"m_FxEnabled":true},"in2DMode":false,"pivot":{"x":-1638.12060546875,"y":22.756349563598634,"z":827.9845581054688},"rotation":{"x":-0.18750829994678498,"y":0.14730700850486756,"z":-0.028453318402171136,"w":-0.970744252204895},"size":149.94798278808595,"orthographic":false}