﻿{"cameraMode":{"drawMode":0,"name":"Shaded","section":"Shading Mode"},"sceneLighting":false,"audioPlay":false,"sceneViewState":{"m_AlwaysRefresh":false,"showFog":true,"showSkybox":false,"showFlares":true,"showImageEffects":true,"showParticleSystems":true,"showVisualEffectGraphs":true,"m_FxEnabled":true},"in2DMode":false,"pivot":{"x":1303.834716796875,"y":644.0,"z":-461.0},"rotation":{"x":0.06143864616751671,"y":0.02513659931719303,"z":-0.0015506433555856348,"w":0.997829794883728},"size":8.1745023727417,"orthographic":true}