﻿{"cameraMode":{"drawMode":0,"name":"Shaded","section":"Shading Mode"},"sceneLighting":false,"audioPlay":false,"sceneViewState":{"m_AlwaysRefresh":false,"showFog":true,"showSkybox":false,"showFlares":true,"showImageEffects":true,"showParticleSystems":true,"showVisualEffectGraphs":true,"m_FxEnabled":true},"in2DMode":false,"pivot":{"x":-1441.79345703125,"y":157.45758056640626,"z":880.0849609375},"rotation":{"x":-0.2974967658519745,"y":-0.524105966091156,"z":0.20196251571178437,"w":-0.772028923034668},"size":67.19059753417969,"orthographic":false}