﻿{"cameraMode":{"drawMode":0,"name":"Shaded","section":"Shading Mode"},"sceneLighting":false,"audioPlay":false,"sceneViewState":{"m_AlwaysRefresh":false,"showFog":true,"showSkybox":false,"showFlares":true,"showImageEffects":true,"showParticleSystems":true,"showVisualEffectGraphs":true,"m_FxEnabled":true},"in2DMode":false,"pivot":{"x":-1431.400390625,"y":34.63574981689453,"z":1103.7208251953125},"rotation":{"x":-0.3212758004665375,"y":0.23168332874774934,"z":-0.08138174563646317,"w":-0.9145988821983337},"size":46.81554412841797,"orthographic":false}