﻿{"cameraMode":{"drawMode":0,"name":"Shaded","section":"Shading Mode"},"sceneLighting":false,"audioPlay":false,"sceneViewState":{"m_AlwaysRefresh":false,"showFog":true,"showSkybox":false,"showFlares":true,"showImageEffects":true,"showParticleSystems":true,"showVisualEffectGraphs":true,"m_FxEnabled":true},"in2DMode":false,"pivot":{"x":-1384.98779296875,"y":55.12350082397461,"z":900.546630859375},"rotation":{"x":-0.21576574444770814,"y":-0.3122095763683319,"z":0.07303903251886368,"w":-0.9223035573959351},"size":128.4182891845703,"orthographic":false}